{"accuracy_train": 0.025817555938037865, "precision_train": 0.004722827259229089, "recall_train": 0.011525537634408603, "f1_train": 0.005200920388405763, "accuracy_test": 0.008064516129032258, "precision_test": 0.0002244668911335578, "recall_test": 0.0025252525252525255, "f1_test": 0.0004122861265718409, "accuracy_validation": 0.024, "precision_validation": 0.0004889362502350655, "recall_validation": 0.012578616352201257, "f1_validation": 0.0009342812870294414}