{"accuracy_train": 0.810671256454389, "precision_train": 0.8450833216962249, "recall_train": 0.7961149513568868, "f1_train": 0.8019389672718877, "accuracy_test": 0.016129032258064516, "precision_test": 0.005128205128205128, "recall_test": 0.015384615384615385, "f1_test": 0.007692307692307693, "accuracy_validation": 0.008, "precision_validation": 0.007352941176470588, "recall_validation": 0.007352941176470588, "f1_validation": 0.007352941176470588}