{"accuracy_train": 0.9414802065404475, "precision_train": 0.9158634152585765, "recall_train": 0.9216205837173578, "f1_train": 0.9113947919569362, "accuracy_test": 0.0, "precision_test": 0.0, "recall_test": 0.0, "f1_test": 0.0, "accuracy_validation": 0.032, "precision_validation": 0.018888888888888886, "recall_validation": 0.02666666666666667, "f1_validation": 0.021111111111111112}