{"accuracy_train": 0.039586919104991396, "precision_train": 0.0048584600162743675, "recall_train": 0.011861559139784945, "f1_train": 0.0037976731339721937, "accuracy_test": 0.008064516129032258, "precision_test": 0.0007363770250368188, "recall_test": 0.010309278350515464, "f1_test": 0.001374570446735395, "accuracy_validation": 0.0, "precision_validation": 0.0, "recall_validation": 0.0, "f1_validation": 0.0}